{
  "rows": [
    {
      "checkpoint": "baseline",
      "pretrain_val_loss": null,
      "pre_hellaswag_acc": 0.368,
      "post_hellaswag_acc": 0.384,
      "delta_hellaswag_acc": 0.016000000000000014,
      "pre_mmlu_all_acc": 0.2782495101241019,
      "post_mmlu_all_acc": 0.2527759634225996,
      "delta_mmlu_all_acc": -0.02547354670150226,
      "pre_arc_easy_acc": 0.43859649122807015,
      "post_arc_easy_acc": 0.45614035087719296,
      "delta_arc_easy_acc": 0.017543859649122806,
      "pre_arc_challenge_acc": 0.22408026755852842,
      "post_arc_challenge_acc": 0.22742474916387959,
      "delta_arc_challenge_acc": 0.0033444816053511683
    },
    {
      "checkpoint": "01-modern-block",
      "pretrain_val_loss": null,
      "pre_hellaswag_acc": 0.383,
      "post_hellaswag_acc": 0.374,
      "delta_hellaswag_acc": -0.009000000000000008,
      "pre_mmlu_all_acc": 0.2749836708033965,
      "post_mmlu_all_acc": 0.2841280209013716,
      "delta_mmlu_all_acc": 0.009144350097975151,
      "pre_arc_easy_acc": 0.46842105263157896,
      "post_arc_easy_acc": 0.4631578947368421,
      "delta_arc_easy_acc": -0.0052631578947368585,
      "pre_arc_challenge_acc": 0.2508361204013378,
      "post_arc_challenge_acc": 0.27759197324414714,
      "delta_arc_challenge_acc": 0.026755852842809347
    },
    {
      "checkpoint": "02-muon",
      "pretrain_val_loss": null,
      "pre_hellaswag_acc": 0.385,
      "post_hellaswag_acc": 0.389,
      "delta_hellaswag_acc": 0.0040000000000000036,
      "pre_mmlu_all_acc": 0.2782495101241019,
      "post_mmlu_all_acc": 0.27041149575440887,
      "delta_mmlu_all_acc": -0.007838014369693003,
      "pre_arc_easy_acc": 0.4631578947368421,
      "post_arc_easy_acc": 0.4807017543859649,
      "delta_arc_easy_acc": 0.017543859649122806,
      "pre_arc_challenge_acc": 0.2408026755852843,
      "post_arc_challenge_acc": 0.22408026755852842,
      "delta_arc_challenge_acc": -0.01672240802675587
    },
    {
      "checkpoint": "03-modded-tricks",
      "pretrain_val_loss": null,
      "pre_hellaswag_acc": 0.378,
      "post_hellaswag_acc": 0.38,
      "delta_hellaswag_acc": 0.0020000000000000018,
      "pre_mmlu_all_acc": 0.286740692357936,
      "post_mmlu_all_acc": 0.2782495101241019,
      "delta_mmlu_all_acc": -0.008491182233834105,
      "pre_arc_easy_acc": 0.45087719298245615,
      "post_arc_easy_acc": 0.45087719298245615,
      "delta_arc_easy_acc": 0.0,
      "pre_arc_challenge_acc": 0.2408026755852843,
      "post_arc_challenge_acc": 0.24414715719063546,
      "delta_arc_challenge_acc": 0.0033444816053511683
    },
    {
      "checkpoint": "05-speed-pack",
      "pretrain_val_loss": null,
      "pre_hellaswag_acc": 0.37,
      "post_hellaswag_acc": 0.374,
      "delta_hellaswag_acc": 0.0040000000000000036,
      "pre_mmlu_all_acc": 0.2834748530372306,
      "post_mmlu_all_acc": 0.25800130633572826,
      "delta_mmlu_all_acc": -0.025473546701502314,
      "pre_arc_easy_acc": 0.48596491228070177,
      "post_arc_easy_acc": 0.4421052631578947,
      "delta_arc_easy_acc": -0.04385964912280704,
      "pre_arc_challenge_acc": 0.24749163879598662,
      "post_arc_challenge_acc": 0.26755852842809363,
      "delta_arc_challenge_acc": 0.02006688963210701
    },
    {
      "checkpoint": "06-muon-mup",
      "pretrain_val_loss": null,
      "pre_hellaswag_acc": 0.379,
      "post_hellaswag_acc": 0.39,
      "delta_hellaswag_acc": 0.01100000000000001,
      "pre_mmlu_all_acc": 0.2677988242978446,
      "post_mmlu_all_acc": 0.2684519921619856,
      "delta_mmlu_all_acc": 0.0006531678641410466,
      "pre_arc_easy_acc": 0.44912280701754387,
      "post_arc_easy_acc": 0.4421052631578947,
      "delta_arc_easy_acc": -0.007017543859649145,
      "pre_arc_challenge_acc": 0.24749163879598662,
      "post_arc_challenge_acc": 0.25418060200668896,
      "delta_arc_challenge_acc": 0.006688963210702337
    },
    {
      "checkpoint": "10-mla",
      "pretrain_val_loss": null,
      "pre_hellaswag_acc": 0.381,
      "post_hellaswag_acc": 0.375,
      "delta_hellaswag_acc": -0.006000000000000005,
      "pre_mmlu_all_acc": 0.2841280209013716,
      "post_mmlu_all_acc": 0.2645329849771391,
      "delta_mmlu_all_acc": -0.019595035924232507,
      "pre_arc_easy_acc": 0.47192982456140353,
      "post_arc_easy_acc": 0.44035087719298244,
      "delta_arc_easy_acc": -0.031578947368421095,
      "pre_arc_challenge_acc": 0.24749163879598662,
      "post_arc_challenge_acc": 0.2408026755852843,
      "delta_arc_challenge_acc": -0.006688963210702337
    },
    {
      "checkpoint": "11-loopllm",
      "pretrain_val_loss": null,
      "pre_hellaswag_acc": 0.349,
      "post_hellaswag_acc": 0.355,
      "delta_hellaswag_acc": 0.006000000000000005,
      "pre_mmlu_all_acc": 0.25538863487916397,
      "post_mmlu_all_acc": 0.25146962769431747,
      "delta_mmlu_all_acc": -0.003919007184846501,
      "pre_arc_easy_acc": 0.38421052631578945,
      "post_arc_easy_acc": 0.3473684210526316,
      "delta_arc_easy_acc": -0.03684210526315784,
      "pre_arc_challenge_acc": 0.23076923076923078,
      "post_arc_challenge_acc": 0.22742474916387959,
      "delta_arc_challenge_acc": -0.003344481605351196
    }
  ],
  "metrics": [
    "hellaswag_acc",
    "mmlu_all_acc",
    "arc_easy_acc",
    "arc_challenge_acc"
  ]
}