{
  "rows": [
    {
      "checkpoint": "baseline",
      "hswag_pre_ll": 0.368,
      "hswag_sft_ll": 0.384,
      "hswag_sft_gen": 0.207,
      "hswag_rl_gen": 0.243,
      "hswag_delta_rl": 0.036000000000000004,
      "hswag_sft_pf": 0.018,
      "hswag_rl_pf": 0.0,
      "hswag_gap_closed_frac": 0.2033898305084746,
      "mmlu_pre_ll": 0.2782495101241019,
      "mmlu_sft_ll": 0.2527759634225996,
      "mmlu_sft_gen": 0.22207707380796865,
      "mmlu_rl_gen": 0.25081645983017636,
      "mmlu_delta_rl": 0.028739386022207714,
      "mmlu_sft_pf": 0.12736773350751143,
      "mmlu_rl_pf": 0.001959503592423253,
      "mmlu_gap_closed_frac": 0.9361702127659576,
      "arc_e_pre_ll": 0.43859649122807015,
      "arc_e_sft_ll": 0.45614035087719296,
      "arc_e_sft_gen": 0.24162257495590828,
      "arc_e_rl_gen": 0.26807760141093473,
      "arc_e_delta_rl": 0.026455026455026454,
      "arc_e_sft_pf": 0.04056437389770723,
      "arc_e_rl_pf": 0.001763668430335097,
      "arc_e_gap_closed_frac": 0.12332323669407183,
      "arc_c_pre_ll": 0.22408026755852842,
      "arc_c_sft_ll": 0.22742474916387959,
      "arc_c_sft_gen": 0.2440677966101695,
      "arc_c_rl_gen": 0.2542372881355932,
      "arc_c_delta_rl": 0.010169491525423707,
      "arc_c_sft_pf": 0.06440677966101695,
      "arc_c_rl_pf": 0.0,
      "arc_c_gap_closed_frac": -0.6110354223433221
    },
    {
      "checkpoint": "01-modern-block",
      "hswag_pre_ll": 0.383,
      "hswag_sft_ll": 0.374,
      "hswag_sft_gen": 0.216,
      "hswag_rl_gen": 0.224,
      "hswag_delta_rl": 0.008000000000000007,
      "hswag_sft_pf": 0.13,
      "hswag_rl_pf": 0.02,
      "hswag_gap_closed_frac": 0.05063291139240511,
      "mmlu_pre_ll": 0.2749836708033965,
      "mmlu_sft_ll": 0.2841280209013716,
      "mmlu_sft_gen": 0.2279555845852384,
      "mmlu_rl_gen": 0.2534291312867407,
      "mmlu_delta_rl": 0.025473546701502314,
      "mmlu_sft_pf": 0.1338994121489223,
      "mmlu_rl_pf": 0.005225342913128674,
      "mmlu_gap_closed_frac": 0.45348837209302395,
      "arc_e_pre_ll": 0.46842105263157896,
      "arc_e_sft_ll": 0.4631578947368421,
      "arc_e_sft_gen": 0.23809523809523808,
      "arc_e_rl_gen": 0.23809523809523808,
      "arc_e_delta_rl": 0.0,
      "arc_e_sft_pf": 0.07583774250440917,
      "arc_e_rl_pf": 0.003527336860670194,
      "arc_e_gap_closed_frac": 0.0,
      "arc_c_pre_ll": 0.2508361204013378,
      "arc_c_sft_ll": 0.27759197324414714,
      "arc_c_sft_gen": 0.288135593220339,
      "arc_c_rl_gen": 0.31186440677966104,
      "arc_c_delta_rl": 0.02372881355932205,
      "arc_c_sft_pf": 0.030508474576271188,
      "arc_c_rl_pf": 0.0,
      "arc_c_gap_closed_frac": -2.2505376344085977
    },
    {
      "checkpoint": "02-muon",
      "hswag_pre_ll": 0.385,
      "hswag_sft_ll": 0.389,
      "hswag_sft_gen": 0.007,
      "hswag_rl_gen": 0.253,
      "hswag_delta_rl": 0.246,
      "hswag_sft_pf": 0.977,
      "hswag_rl_pf": 0.003,
      "hswag_gap_closed_frac": 0.643979057591623,
      "mmlu_pre_ll": 0.2782495101241019,
      "mmlu_sft_ll": 0.27041149575440887,
      "mmlu_sft_gen": 0.023514043109079032,
      "mmlu_rl_gen": 0.2286087524493795,
      "mmlu_delta_rl": 0.20509470934030047,
      "mmlu_sft_pf": 0.8889614630960156,
      "mmlu_rl_pf": 0.032658393207054215,
      "mmlu_gap_closed_frac": 0.8306878306878308,
      "arc_e_pre_ll": 0.4631578947368421,
      "arc_e_sft_ll": 0.4807017543859649,
      "arc_e_sft_gen": 0.05114638447971781,
      "arc_e_rl_gen": 0.25925925925925924,
      "arc_e_delta_rl": 0.20811287477954143,
      "arc_e_sft_pf": 0.8694885361552028,
      "arc_e_rl_pf": 0.014109347442680775,
      "arc_e_gap_closed_frac": 0.48448439796006565,
      "arc_c_pre_ll": 0.2408026755852843,
      "arc_c_sft_ll": 0.22408026755852842,
      "arc_c_sft_gen": 0.03389830508474576,
      "arc_c_rl_gen": 0.2983050847457627,
      "arc_c_delta_rl": 0.26440677966101694,
      "arc_c_sft_pf": 0.8813559322033898,
      "arc_c_rl_pf": 0.006779661016949152,
      "arc_c_gap_closed_frac": 1.3902831594634872
    },
    {
      "checkpoint": "03-modded-tricks",
      "hswag_pre_ll": 0.378,
      "hswag_sft_ll": 0.38,
      "hswag_sft_gen": 0.254,
      "hswag_rl_gen": 0.254,
      "hswag_delta_rl": 0.0,
      "hswag_sft_pf": 0.013,
      "hswag_rl_pf": 0.0,
      "hswag_gap_closed_frac": 0.0,
      "mmlu_pre_ll": 0.286740692357936,
      "mmlu_sft_ll": 0.2782495101241019,
      "mmlu_sft_gen": 0.21815806662312215,
      "mmlu_rl_gen": 0.24363161332462444,
      "mmlu_delta_rl": 0.025473546701502287,
      "mmlu_sft_pf": 0.14369693011103854,
      "mmlu_rl_pf": 0.0032658393207054214,
      "mmlu_gap_closed_frac": 0.4239130434782611,
      "arc_e_pre_ll": 0.45087719298245615,
      "arc_e_sft_ll": 0.45087719298245615,
      "arc_e_sft_gen": 0.21869488536155202,
      "arc_e_rl_gen": 0.21693121693121692,
      "arc_e_delta_rl": -0.001763668430335097,
      "arc_e_sft_pf": 0.029982363315696647,
      "arc_e_rl_pf": 0.003527336860670194,
      "arc_e_gap_closed_frac": -0.007596050053971934,
      "arc_c_pre_ll": 0.2408026755852843,
      "arc_c_sft_ll": 0.24414715719063546,
      "arc_c_sft_gen": 0.27796610169491526,
      "arc_c_rl_gen": 0.288135593220339,
      "arc_c_delta_rl": 0.010169491525423735,
      "arc_c_sft_pf": 0.030508474576271188,
      "arc_c_rl_pf": 0.003389830508474576,
      "arc_c_gap_closed_frac": -0.3007039892725446
    },
    {
      "checkpoint": "05-speed-pack",
      "hswag_pre_ll": 0.37,
      "hswag_sft_ll": 0.374,
      "hswag_sft_gen": 0.238,
      "hswag_rl_gen": 0.255,
      "hswag_delta_rl": 0.017000000000000015,
      "hswag_sft_pf": 0.02,
      "hswag_rl_pf": 0.0,
      "hswag_gap_closed_frac": 0.1250000000000001,
      "mmlu_pre_ll": 0.2834748530372306,
      "mmlu_sft_ll": 0.25800130633572826,
      "mmlu_sft_gen": 0.16525146962769433,
      "mmlu_rl_gen": 0.23971260613977793,
      "mmlu_delta_rl": 0.07446113651208361,
      "mmlu_sft_pf": 0.3207054212932724,
      "mmlu_rl_pf": 0.011103853690398433,
      "mmlu_gap_closed_frac": 0.802816901408451,
      "arc_e_pre_ll": 0.48596491228070177,
      "arc_e_sft_ll": 0.4421052631578947,
      "arc_e_sft_gen": 0.18165784832451498,
      "arc_e_rl_gen": 0.2328042328042328,
      "arc_e_delta_rl": 0.05114638447971781,
      "arc_e_sft_pf": 0.3439153439153439,
      "arc_e_rl_pf": 0.0,
      "arc_e_gap_closed_frac": 0.19637892936061016,
      "arc_c_pre_ll": 0.24749163879598662,
      "arc_c_sft_ll": 0.26755852842809363,
      "arc_c_sft_gen": 0.15932203389830507,
      "arc_c_rl_gen": 0.2576271186440678,
      "arc_c_delta_rl": 0.09830508474576272,
      "arc_c_sft_pf": 0.26440677966101694,
      "arc_c_rl_pf": 0.0,
      "arc_c_gap_closed_frac": 0.908243427254635
    },
    {
      "checkpoint": "06-muon-mup",
      "hswag_pre_ll": 0.379,
      "hswag_sft_ll": 0.39,
      "hswag_sft_gen": 0.228,
      "hswag_rl_gen": 0.253,
      "hswag_delta_rl": 0.024999999999999994,
      "hswag_sft_pf": 0.021,
      "hswag_rl_pf": 0.0,
      "hswag_gap_closed_frac": 0.15432098765432095,
      "mmlu_pre_ll": 0.2677988242978446,
      "mmlu_sft_ll": 0.2684519921619856,
      "mmlu_sft_gen": 0.16851730894839975,
      "mmlu_rl_gen": 0.2442847811887655,
      "mmlu_delta_rl": 0.07576747224036576,
      "mmlu_sft_pf": 0.3357282821685173,
      "mmlu_rl_pf": 0.0006531678641410843,
      "mmlu_gap_closed_frac": 0.7581699346405228,
      "arc_e_pre_ll": 0.44912280701754387,
      "arc_e_sft_ll": 0.4421052631578947,
      "arc_e_sft_gen": 0.19576719576719576,
      "arc_e_rl_gen": 0.21164021164021163,
      "arc_e_delta_rl": 0.015873015873015872,
      "arc_e_sft_pf": 0.31040564373897706,
      "arc_e_rl_pf": 0.0,
      "arc_e_gap_closed_frac": 0.06443590323309971,
      "arc_c_pre_ll": 0.24749163879598662,
      "arc_c_sft_ll": 0.25418060200668896,
      "arc_c_sft_gen": 0.2,
      "arc_c_rl_gen": 0.26101694915254237,
      "arc_c_delta_rl": 0.061016949152542355,
      "arc_c_sft_pf": 0.2305084745762712,
      "arc_c_rl_pf": 0.0,